forecast_start_time,forecast_end_time,horizon_min,o_center_lon,o_center_lat,d_center_lon,d_center_lat,pred_count
2026-05-13 08:00:00,2026-05-13 08:15:00,15,113.40938292,23.05914619,113.3594039,23.04136589,1
2026-05-13 08:00:00,2026-05-13 08:15:00,15,113.40938292,23.05914619,113.38530709,23.06147705,1
2026-05-13 08:00:00,2026-05-13 08:30:00,30,113.3953885,23.04618129,113.3594039,23.04136589,1
2026-05-13 08:00:00,2026-05-13 08:30:00,30,113.40938292,23.05914619,113.3594039,23.04136589,1
2026-05-13 08:00:00,2026-05-13 08:30:00,30,113.40938292,23.05914619,113.38530709,23.06147705,1
2026-05-13 08:00:00,2026-05-13 08:30:00,30,113.4105621,23.05375658,113.3594039,23.04136589,1
2026-05-13 08:00:00,2026-05-13 09:00:00,60,113.3953885,23.04618129,113.3594039,23.04136589,1
2026-05-13 08:00:00,2026-05-13 09:00:00,60,113.3953885,23.04618129,113.37444716,23.0572511,1
2026-05-13 08:00:00,2026-05-13 09:00:00,60,113.39865924,23.04661856,113.37694215,23.03816511,1
2026-05-13 08:00:00,2026-05-13 09:00:00,60,113.39865924,23.04661856,113.38530709,23.06147705,1
2026-05-13 08:00:00,2026-05-13 09:00:00,60,113.40938292,23.05914619,113.3594039,23.04136589,1
2026-05-13 08:00:00,2026-05-13 09:00:00,60,113.40938292,23.05914619,113.38530709,23.06147705,1
2026-05-13 08:00:00,2026-05-13 09:00:00,60,113.40938292,23.05914619,113.39211766,23.04574394,1
2026-05-13 08:00:00,2026-05-13 09:00:00,60,113.40938292,23.05914619,113.39407484,23.05987499,1
