STIONNAME,BSDIRECTIO,gd_lng,gd_lat,name,Calc_Dir
岗贝路东站,东,113.2572812,23.1803076,岗贝路,西-东
乐嘉路西站,东,113.2548998,23.16696303,乐嘉路,西-东
云霄路站,东,113.2651903,23.18306268,云霄路,西-东
远景路站,东,113.2544736,23.17246475,远景路,西-东
云港路站,东,113.262981,23.18019185,云港路,东-西
广园新村站2,东,113.2685168,23.15832788,广园中路,西-东
乐嘉路站,东,113.2584913,23.16807317,乐嘉路,西-东
云龙路口站,东,113.2707217,23.17015761,金钟横路,东-西
地铁白云公园站,东,113.2711236,23.18139799,齐心路,西-东
广州体育馆南门站,东,113.2745086,23.17974774,金园路,西-东
棠下(三元里大道)站2,东,113.2516434,23.17091919,三元里大道,北-南
南云东街站,东,113.2611281,23.17585572,南云东街,东-西
机场立交北站2,东,113.2619229,23.16310777,机场路,北-南
岗贝路站,东,113.2551863,23.17996335,岗贝路,西-东
云城南二路站,东,113.2648015,23.17108274,云城南二路,西-东
乐嘉路中站,东,113.256246,23.16769271,乐嘉路,西-东
德康路站,东,113.2500169,23.17956321,德康路,西-东
机场立交北站2,东,113.262516,23.16117363,机场路,北-南
广园西路站,东,113.2586358,23.16102854,广园中路,西-东
云城南四路站,东,113.2679209,23.17652545,云城南四路,西-东
兴泰路站,东,113.2661324,23.16335037,兴泰路,西-东
棠下(三元里大道)站1,东,113.2512498,23.17190412,三元里大道,北-南
云苑新村站,北,113.2676502,23.16568739,松柏东街,北-南
云城东路(云城南三路口)站,北,113.2678264,23.1721132,云城东路,南-北
棠下(三元里大道)站2,北,113.2505785,23.17399701,三元里大道,南-北
三元里大道中站2,北,113.2510365,23.17738617,三元里大道,南-北
白兰花园站,北,113.2680564,23.16809102,金钟横路,东-西
云城东路(云城南二路口)站,北,113.2671458,23.17081714,云城东路,南-北
云城南站1,北,113.2612883,23.16471371,机场路,南-北
盈翠华庭站2,北,113.2748989,23.17154563,白云大道南,南-北
云城西路(机场路口)站,北,113.2614206,23.16894122,云城西路,南-北
云港路站,北,113.2626697,23.18079915,云港路,西-东
航云北街站,北,113.2615802,23.17793698,航云北街,南-北
机场路岗贝路口(省二医民航院区)站2,北,113.2595899,23.17748305,机场路,南-北
云城东路南站,北,113.2709728,23.17742119,云城东路,南-北
北站2,北,113.2535739,23.16575778,三元里大道,南-北
白云区政务中心站1,北,113.2604683,23.17015699,机场路,南-北
心谊路站,北,113.2565756,23.16930328,心谊路,南-北
民航子弟学校站,北,113.2686172,23.17357118,云城东路,南-北
柯子岭站,北,113.2723726,23.16310358,白云大道南,南-北
云城西路南站,北,113.2641357,23.17395569,云城西路,南-北
云城南站2,北,113.2610454,23.16657894,广园西路,南-北
白云大道南(金信路口)站,北,113.2763079,23.174884,白云大道南,南-北
沙涌站1,北,113.252915,23.16788251,三元里大道,南-北
云龙路站,北,113.2709492,23.16771227,云龙路,北-南
三元里古庙站,北,113.2605805,23.16112102,广园中路辅路,东-西
云城西路(云城南四路口)站,北,113.267321,23.17944745,云城西路辅路,南-北
棠下(三元里大道)站1,北,113.2511938,23.17245561,三元里大道,南-北
云城东路南站,南,113.270876,23.17754944,云城东路,北-南
云龙路站,南,113.2716858,23.16984312,云龙路,北-南
云城东路(云城南二路口)站,南,113.2669418,23.17075263,云城东路,北-南
云城东路(云城南三路口)站,南,113.2677934,23.17237935,云城东路,北-南
金信路口站,南,113.2750929,23.17882421,金信路,东-西
金信路站,南,113.2732345,23.1766447,金信路,东-西
盈翠华庭站1,南,113.2745205,23.17116874,白云大道南,北-南
柯子岭站,南,113.272375,23.16345096,白云大道南,北-南
云苑新村站,南,113.2677039,23.16612686,松柏东街,北-南
白兰花园站,南,113.2685267,23.16874497,金钟横路,东-西
航云北街站,南,113.2614807,23.17793367,航云北街,北-南
三元里大道中站1,南,113.2507834,23.17724341,三元里大道,北-南
机场路岗贝路口(省二医民航院区)站2,南,113.2593888,23.17735794,机场路,北-南
北站1,南,113.2538947,23.16368574,三元里大道,北-南
三元里古庙站,南,113.2617603,23.16024793,广园中路辅路,西-东
白云区政务中心站2,南,113.2600898,23.17161388,机场路,北-南
机场立交北站1,南,113.2614935,23.16388524,机场路,北-南
民航子弟学校站,南,113.2684696,23.17330413,云城东路,南-北
白云区政务中心站1,南,113.2597513,23.1742257,机场路,北-南
白云大道南(金信路口)站,南,113.276189,23.17496826,白云大道南,北-南
云城西路南站,南,113.2641382,23.17446212,云城西路,北-南
心谊路站,南,113.256329,23.16989993,心谊路,北-南
景泰直街站,南,113.2693446,23.15949845,景泰直街,北-南
机场路岗贝路口(省二医民航院区)站1,南,113.2594509,23.17886164,机场路,北-南
云城西路(云城南四路口)站,南,113.2670111,23.17957404,云城西路辅路,北-南
沙涌站1,南,113.2526761,23.16810107,三元里大道,北-南
云龙路南站,南,113.2708127,23.16731871,云龙路,北-南
三元里大道中站2,南,113.2502555,23.1761237,三元里大道,北-南
云苑新村总站,总站,113.2675221,23.16512444,松柏东街,北-南
景泰直街总站,总站,113.2695831,23.16130455,景泰直街,北-南
广州体育馆总站,总站,113.2750698,23.17970348,金园路,东-西
广园新村总站,总站,113.2698121,23.16294653,景泰直街,北-南
金信路(云山锦绣家园)总站,总站,113.2735605,23.17738752,金信路,东-西
云苑新村总站,总站,113.2677129,23.16629547,松柏东街,北-南
地铁飞翔公园站总站,总站,113.2638955,23.16944265,云城南一路,东-西
云城南二路总站,总站,113.2646304,23.17132676,云城南二路,东-西
白云公园总站,总站,113.271686,23.1811285,齐心路,西-东
机场路总站,,113.2623058,23.16000203,广园中路辅路,西-东
白云区政务中心(地铁乐嘉路站),,113.259911,23.17293599,机场路,北-南
童心北站,,113.2698895,23.15790756,下塘西路,北-南
中医药大学站,,113.2681135,23.15857004,广园中路,东-西
沙涌(三元里大道)站,,113.2528448,23.16809954,三元里大道,南-北
松柏东街站,,113.2669048,23.16110249,松柏东街,北-南
松柏东街北站,,113.2671834,23.16413095,松柏东街,北-南
万达广场站,,113.2679082,23.17259418,云城东路,北-南
白云区政务中心(地铁乐嘉路站),,113.2603289,23.17125767,机场路,南-北
地铁飞翔公园站总站a,,113.2641765,23.1693075,云城南一路,东-西
抗英纪念馆(三元里古庙)站,,113.2602383,23.16092836,广园中路辅路,西-东
时代花园站,,113.2560938,23.17609206,水边街,南-北
北站(三元里大道)站,,113.2542419,23.16291053,三元里大道,北-南
景安街总站,,113.2565832,23.1689598,心谊路,北-南
广州市儿童公园南门站,,113.2712525,23.18160944,齐心路,东-西
广州体育馆西南门站,,113.2747159,23.1796446,金园路,西-东
颐和上院站,,113.2702864,23.1763264,云城东路,南-北
岗贝路口站,,113.2522964,23.17912673,三元里大道,南-北
水边街(三元里大道口)站,,113.2514965,23.17631203,水边街,南-北
松云街口站,,113.2576868,23.17657561,松云街,东-西
云城东路口站,,113.2616372,23.16465523,云城东路,南-北
平安大街站,,113.2708073,23.1666521,平安大街,东-西
北站(三元里大道)站,,113.2541819,23.16393115,三元里大道,南-北
云城东路(兴发广场西门)站,,113.2628992,23.166135,云城东路,北-南
北站(三元里大道)站,,113.2537649,23.16509799,三元里大道,南-北
旧机场北门站,,113.2594984,23.17923104,机场路,北-南
云城南二路站,,113.2642134,23.17153503,云城南二路,东-西
岗贝路站,西,113.2551638,23.18002949,岗贝路,东-西
岗贝路东站,西,113.2572978,23.1803709,岗贝路,东-西
云城南四路站,西,113.2680511,23.17691927,云城南四路,东-西
交电新村站,西,113.2657632,23.15913289,广园中路辅路,东-西
德康路站,西,113.2502943,23.17963736,德康路,东-西
云霄路站,西,113.2654071,23.18338017,云霄路,东-西
广州体育馆南门站,西,113.274779,23.17986034,金园路,东-西
远景路站2,西,113.2548467,23.17260178,远景路,东-西
地铁飞翔公园站,西,113.2635667,23.16960097,云城南一路,东-西
广园新村站1,西,113.2684244,23.1586746,广园中路辅路,东-西
乐嘉路西站,西,113.254731,23.16748838,乐嘉路,东-西
远景路站1,西,113.2566672,23.17274236,远景路,东-西
乐嘉路中站,西,113.2559996,23.16770208,乐嘉路,东-西
乐嘉路站,西,113.2580522,23.16808287,乐嘉路,东-西
地铁白云公园站,西,113.2710945,23.18168514,齐心路,东-西
云龙路口站,西,113.2706135,23.17015843,金钟横路,东-西
沙涌站2,南,113.2528094,23.16764097,三元里大道,北-南
颐和上院站,,113.2701876,23.17645766,云城东路,北-南
地铁飞翔公园站,,113.264925,23.16886824,云城南一路,西-东
地铁飞翔公园站总站,总站,113.263527,23.16954774,云城南一路,西-东
童心北站,,113.2700402,23.15786689,下塘西路,南-北
阅江路总站（宝地广场对面）,西,113.3427,23.10354435,芳园路,西-东
星河湾中心,东,113.3461604,23.10124278,琶洲大道,西-东
赫基大厦,东,113.3473494,23.10123556,琶洲大道,西-东
欧派国际广场,东,113.3488801,23.10114266,琶洲大道,东-西
铭丰广场,东,113.344393,23.10352076,芳园路,西-东
开元广场南门,西,113.3445598,23.10362332,芳园路,东-西
国美.智慧城,东,113.3464956,23.10354202,芳园路,西-东
国美.智慧城对面,西,113.3465389,23.10362766,芳园路,东-西
宝地广场对面,西,113.342317,23.10354811,芳园路,西-东
磨碟沙地铁站H口对面铭丰广场侧,北,113.3437947,23.10189281,海洲路,南-北
唯品会大厦对面,东,113.3491131,23.10357415,芳园路,西-东
唯品会大厦门口,西,113.3491152,23.10367541,芳园路,东-西
华新中心侧,东,113.3404219,23.10129063,琶洲大道,西-东
新港东路左侧掉头虚拟点,西,113.3466346,23.09877784,新港东路,东-西
芳园路口站（北行）,北,113.3345717,23.1032845,磨碟沙路,南-北
芳园路站（西行）,西,113.3375549,23.10369769,芳园路,东-西
芳园路站（东行）,东,113.3370249,23.10363508,芳园路,西-东
阅江西路东站（西行）,西,113.3490676,23.10545494,阅江西路,东-西
阅江西路东站（东行）,东,113.3507549,23.10507799,阅江西路,西-东
阅江西路中站（东行）,东,113.3445042,23.1062793,阅江西路,西-东
阅江西路中站（西行）,西,113.3445098,23.10643034,阅江西路,东-西
阅江西路西站（东行）,东,113.3351339,23.10704332,阅江西路,西-东
阅江西路西站（西行）,西,113.3358195,23.10746592,阅江西路,东-西
阅江路（珠江啤酒厂）站（总站）,南,113.3437299,23.10341073,海洲路,北-南
海港花园站②（西行）,西,113.3428751,23.0987592,新港东路,东-西
海港花园站（东行）,东,113.3453179,23.0985603,新港东路,西-东
磨碟沙公园站（南行）,南,113.3337932,23.10529613,磨碟沙路,北-南
磨碟沙站（西行）,西,113.3407213,23.09873605,新港东路,东-西
磨碟沙站（东行）,东,113.3397439,23.09852651,新港东路,西-东
磨碟沙路站（北行）,北,113.335488,23.09908417,磨碟沙路,南-北
磨碟沙路站（东行）,东,113.3358989,23.09853887,磨碟沙路,北-南
芳园路东站（东行）,东,113.3397991,23.10358715,芳园路,西-东
芳园路东站（西行）,西,113.3396828,23.10366065,芳园路,东-西
海港花园站（西行）,西,113.3444984,23.09877507,新港东路,东-西
天河南行,,113.333779,23.130131,天河南路,南-北
冼村3,,113.329914,23.127281,冼村路,西-东
体育西横街路口,,113.321464,23.128604,体育西路,北-南
体育中心1,,113.323615,23.133478,体育中心路,东-西
