stop_name,stop_type,lon,lat,name,Calc_Dir,dist_m
地铁萧岗站,普通公交站,113.28029795461319,23.19914262968863,云城北二路,东-西,3.376156879353482
城市规划展览中心站,普通公交站,113.27811354013605,23.190669372648593,云城东路,北-南,13.731268746905043
云城南二路总站（西行）,普通公交站,113.26421339892588,23.17153502798089,云城南二路,东-西,0.000249258340433
云城南二路站（东行）,普通公交站,113.26480150600864,23.17108275060595,云城南二路,西-东,0.001326298854808
云胜广场总站,普通公交站,113.27375552151041,23.18202821564819,云城东路,南-北,32.97087778961251
体育花园站,普通公交站,113.2739983679145,23.182565820973046,云城东路,南-北,15.24157302295284
广州市儿童公园北门总站,普通公交站,113.27283566943058,23.187103608554427,云城中一路,西-东,5.446545650340684
云城中二路(地铁白云文化广场站)站,普通公交站,113.2748634873361,23.189612137104998,云城中二路,东-西,0.151113096931161
白云文化广场总站,普通公交站,113.27378826056751,23.19106801874323,云城西路,南-北,4.417143175490098
云城西路中站（南行）,普通公交站,113.27442424424372,23.19264685177388,云城西路,北-南,5.030279958683319
云城西路中站（北行）,普通公交站,113.27427805576144,23.191934029485775,云城西路,南-北,4.834513244798107
云城西路南站（南行）,普通公交站,113.26395459879231,23.174131032602542,云城西路,北-南,0.736655104090354
云城西路南站（北行）,普通公交站,113.26413570101612,23.17395568953014,云城西路,南-北,0.000116358781908
云城南四路站（西行）,普通公交站,113.26862536301797,23.176521905974166,"['云城南四路', '云城西路隧道']",东-西,3.899296049389427
云城南四路站（东行）,普通公交站,113.26683331279878,23.17701623889837,云城南四路,西-东,3.110594568919491
广州体育馆南门站（东）,普通公交站,113.27407303843303,23.179960099748698,金园路,西-东,2.642587000560551
广州体育馆南门站（西行）,普通公交站,113.2745555023829,23.17997911634144,金园路,东-西,2.157290723487072
地铁飞翔公园站（东行）,普通公交站,113.26464021135683,23.169007122608825,云城南一路,西-东,0.265858570340533
白云区政务中心站（地铁乐嘉路）2（北行）,普通公交站,113.26038920432839,23.170777566893744,机场路,南-北,0.536713183267326
白云区政务中心站（地铁乐嘉路站）1（南行）,普通公交站,113.2601166326082,23.17140274427104,机场路,北-南,4.499622147061117
白云区政务中心（地铁乐嘉路站）2（南行）,普通公交站,113.26020675785983,23.170702243058603,机场路,北-南,6.985984040259768
白云区政务中心(地铁乐嘉路站)1（北行）,普通公交站,113.26047407244688,23.17011144328163,机场路,南-北,0.419982181805832
棠下(三元里大道),普通公交站,113.2504161840045,23.17442954797859,三元里大道,南-北,0.231768531321554
心谊路,普通公交站,113.256649143151,23.169034647900357,心谊路,南-北,2.550686669775515
盈翠华庭①,普通公交站,113.27468999429159,23.171006926540443,白云大道南,南-北,0.655498561257535
远景路,普通公交站,113.25445989853614,23.172462420575346,远景路,西-东,3.331885997044289
中医药大学,普通公交站,113.26785511655943,23.158361002673225,广园中路,西-东,0.111711647083174
岗贝路,普通公交站,113.2551247950087,23.179945498492224,岗贝路,西-东,0.754459402214191
岗贝路口,普通公交站,113.25234546856902,23.179142390218743,岗贝路,西-东,7.076511595534246
沙涌(三元里大道),普通公交站,113.25317756078104,23.16640345509381,三元里大道,北-南,0.58279338583637
三元里大道中③,普通公交站,113.25119301887031,23.177734250606466,三元里大道,南-北,0.875900749028138
乐嘉路中,普通公交站,113.25557246960427,23.167597865110597,乐嘉路,东-西,1.015655674107177
乐嘉路,普通公交站,113.25831147735286,23.168094386756938,乐嘉路,南-北,1.396495539142078
交电新村,普通公交站,113.26578671567623,23.159127025941995,广园中路辅路,东-西,0.111762936623642
乐嘉路西,普通公交站,113.25468021283953,23.166906764667697,乐嘉路,西-东,1.287360710655946
白云大道南（金信路口）站（北行）,普通公交站,113.2768809499978,23.17581309149274,白云大道南,南-北,2.985325499487142
白云大道南（金信路口）站,普通公交站,113.27658064756032,23.17558667944072,白云大道南,北-南,1.698354098628799
云霄路站（北行）,普通公交站,113.26519031389226,23.18306266096765,云霄路,西-东,0.00254345396057
云霄路站,普通公交站,113.26540709274428,23.18338017854383,云霄路,东-西,0.001203291517799
白云公园总站,总站,113.2706461966842,23.181899842405173,齐心路,东-西,1.602214757978111
